{"cameraMode":{"drawMode":0,"name":"Shaded","section":"Shading Mode"},"sceneLighting":true,"audioPlay":false,"sceneViewState":{"showFog":true,"showMaterialUpdate":false,"showSkybox":true,"showFlares":true,"showImageEffects":true,"showParticleSystems":true},"in2DMode":false,"pivot":{"x":-15.328948974609375,"y":-7.373813629150391,"z":-2.8279056549072267},"rotation":{"x":0.08607762306928635,"y":-0.8317228555679321,"z":0.13464906811714173,"w":0.5316962599754334},"size":13.875280380249024,"orthographic":false}