{"cameraMode":{"drawMode":0,"name":"Shaded","section":"Shading Mode"},"sceneLighting":false,"audioPlay":false,"sceneViewState":{"showFog":true,"showMaterialUpdate":false,"showSkybox":false,"showFlares":true,"showImageEffects":true,"showParticleSystems":true},"in2DMode":false,"pivot":{"x":16.895774841308595,"y":10.582132339477539,"z":0.09562110900878906},"rotation":{"x":-0.027205631136894227,"y":0.08596010506153107,"z":-0.0023450814187526705,"w":-0.9959287643432617},"size":0.6532431244850159,"orthographic":false}