{"cameraMode":{"drawMode":0,"name":"Shaded","section":"Shading Mode"},"sceneLighting":false,"audioPlay":false,"sceneViewState":{"showFog":true,"showMaterialUpdate":false,"showSkybox":false,"showFlares":true,"showImageEffects":true,"showParticleSystems":true},"in2DMode":false,"pivot":{"x":2.1201584339141847,"y":-0.19538992643356324,"z":-0.12292331457138062},"rotation":{"x":-0.1485387533903122,"y":0.7208231091499329,"z":-0.16293887794017793,"w":-0.6571186780929565},"size":1.299038052558899,"orthographic":false}