{"cameraMode":{"drawMode":0,"name":"Shaded","section":"Shading Mode"},"sceneLighting":true,"audioPlay":false,"sceneViewState":{"showFog":true,"showMaterialUpdate":false,"showSkybox":true,"showFlares":true,"showImageEffects":true,"showParticleSystems":true},"in2DMode":false,"pivot":{"x":8.18626594543457,"y":3.5544538497924806,"z":2.117905855178833},"rotation":{"x":-0.2071545273065567,"y":0.37908411026000979,"z":-0.08748513460159302,"w":-0.897626519203186},"size":4.451262950897217,"orthographic":false}