{"cameraMode":{"drawMode":0,"name":"Shaded","section":"Shading Mode"},"sceneLighting":false,"audioPlay":false,"sceneViewState":{"showFog":true,"showMaterialUpdate":false,"showSkybox":false,"showFlares":true,"showImageEffects":true,"showParticleSystems":true},"in2DMode":false,"pivot":{"x":30.32433319091797,"y":1.103248119354248,"z":18.697011947631837},"rotation":{"x":0.010857728309929371,"y":0.6898738741874695,"z":-0.010348744690418244,"w":0.7237821817398071},"size":10.375697135925293,"orthographic":false}