{"cameraMode":{"drawMode":0,"name":"Shaded","section":"Shading Mode"},"sceneLighting":false,"audioPlay":false,"sceneViewState":{"showFog":true,"showMaterialUpdate":false,"showSkybox":false,"showFlares":true,"showImageEffects":true,"showParticleSystems":true},"in2DMode":false,"pivot":{"x":2.5725889205932619,"y":0.7193291187286377,"z":28.202104568481447},"rotation":{"x":-0.04342994466423988,"y":-0.05093945190310478,"z":0.0022181228268891575,"w":-0.997761070728302},"size":12.366311073303223,"orthographic":false}