{"cameraMode":{"drawMode":0,"name":"Shaded","section":"Shading Mode"},"sceneLighting":false,"audioPlay":false,"sceneViewState":{"showFog":true,"showMaterialUpdate":false,"showSkybox":false,"showFlares":true,"showImageEffects":true,"showParticleSystems":true},"in2DMode":false,"pivot":{"x":0.15449577569961549,"y":0.09367908537387848,"z":1.434166431427002},"rotation":{"x":-0.020595252513885499,"y":-0.7561718821525574,"z":0.02382790669798851,"w":-0.6536244750022888},"size":0.5663784742355347,"orthographic":false}